,ratio,vsense,Current [mA],Voltage [mV],Power [mW]
0,1.619224,-1.668911e-06,-1.6203019417475726e-07,-2.702340745064e-06,4.378607956490781e-13
1,-0.6231357,4.248138e-06,4.124405825242718e-07,-2.6471664463265997e-06,-1.0917988711616491e-12
2,-0.8836932,3.034384e-06,2.946003883495146e-07,-2.6814645069888e-06,-7.899604851043401e-13
3,0.9480723,-3.034384e-06,-2.946003883495146e-07,-2.8768154179632e-06,8.475109393418298e-13
4,-8.97945,3.034384e-07,2.9460038834951454e-08,-2.72470994088e-06,-8.027006067230308e-14
5,-0.9259574,3.034384e-06,2.946003883495146e-07,-2.8097103192416003e-06,-8.27741751198214e-13
6,-3.660582,7.58596e-07,7.365009708737864e-08,-2.7769028628719997e-06,-2.0451916545274248e-13
7,-0.5764801,5.158453e-06,5.008206796116504e-07,-2.9737455012853e-06,-1.489313242945792e-12
8,-1.129803,2.427507e-06,2.3568029126213592e-07,-2.742604691121e-06,-6.463778724202976e-13
9,-3.646822,7.58596e-07,7.365009708737864e-08,-2.766464581912e-06,-2.0375038504661316e-13
10,1.224126,-2.275788e-06,-2.209502912621359e-07,-2.785851261288e-06,6.155346475945723e-13
11,0.724372,-3.944699e-06,-3.829804854368932e-07,-2.857429504028e-06,1.0943397385543445e-12
12,1.590129,-1.97235e-06,-1.914902912621359e-07,-3.1362909331499998e-06,6.005692642716894e-13
13,-1.359528,1.97235e-06,1.914902912621359e-07,-2.6814650508e-06,-5.1347452358693e-13
14,-0.9878793,3.034384e-06,2.946003883495146e-07,-2.9976051418512e-06,-8.830956389078653e-13
15,-0.8099225,3.641261e-06,3.535204854368932e-07,-2.9491392122725e-06,-1.042581125943551e-12
16,19.04498,-1.517192e-07,-1.4730019417475727e-08,-2.889489129616e-06,4.256223098582872e-14
17,-0.9009749,2.882665e-06,2.7987038834951455e-07,-2.5972088101085e-06,-7.268818383098466e-13
18,-1.189083,2.427507e-06,2.3568029126213592e-07,-2.886507306081e-06,-6.802928826274534e-13
19,-7425949000000000.0,4.013568e-22,3.8966679611650484e-23,-2.9804551276031997e-06,-1.1613844005421474e-28
20,-0.7142276,3.79298e-06,3.682504854368932e-07,-2.7090510022479998e-06,-9.976093466511278e-13
21,-1.45895,1.97235e-06,1.914902912621359e-07,-2.8775600325e-06,-5.510248087477061e-13
22,-1.203484,2.275788e-06,2.209502912621359e-07,-2.738874445392e-06,-6.051551064397833e-13
23,-0.5060877,5.158453e-06,5.008206796116504e-07,-2.6106296143281e-06,-1.3074572976620998e-12
24,-4.906222,6.068768e-07,5.892007766990291e-08,-2.9774723074495995e-06,-1.7543289961491544e-13
25,-1.926122,1.517192e-06,1.473001941747573e-07,-2.922296889424e-06,-4.3045489924844447e-13
26,-1.148699,2.730946e-06,2.651403883495145e-07,-3.1370349392539998e-06,-8.317546620598012e-13
27,-1.072305,2.579227e-06,2.5041038834951455e-07,-2.765718008235e-06,-6.925645205073723e-13
28,1.481422,-1.82063e-06,-1.7676019417475726e-07,-2.69712133586e-06,4.767436910394943e-13
29,-1.929727,1.668911e-06,1.6203019417475726e-07,-3.2205426172969996e-06,-5.218251456287138e-13
30,5.139658,-6.068768e-07,-5.892007766990291e-08,-3.1191392001344e-06,1.8377992393515767e-13
31,-0.8795309,3.337823e-06,3.240604854368932e-07,-2.9357184672307e-06,-9.513503515968326e-13
32,-0.8279421,3.641261e-06,3.535204854368932e-07,-3.0147532789881e-06,-1.0657770426603386e-12
33,-1.64196,1.82063e-06,1.7676019417475726e-07,-2.9894016348e-06,-5.284072134335848e-13
34,-3.046389,9.103152e-07,8.838011650485436e-08,-2.7731742118128e-06,-2.450934599282729e-13
35,-1.50026,1.82063e-06,1.7676019417475726e-07,-2.7314183637999998e-06,-4.828060403577857e-13
36,-4.939214e-06,0.6091634,0.05914207766990291,-3.0087883935676e-06,-1.7794599686467742e-07
37,60.98758,-0.02554178,-0.002479784466019417,-1.5577313510924,0.0038628380066703725
38,-109.5599,0.01290994,0.0012533922330097086,-1.414411735406,-0.0017728126834356634
39,-64.94145,0.02185606,0.002121947572815534,-1.419364227687,-0.0030118164778816245
40,-63.45747,0.02181115,0.0021175873786407765,-1.3840803967905002,-0.002930911179267681
41,34.14923,-0.04131678,-0.004011337864077669,-1.4109362230794,0.005659741895437134
42,204.2011,-0.006555635,-0.0006364694174757281,-1.3386678781985,0.0008520211646304682
43,109.979,-0.01197899,-0.0011630087378640777,-1.31743734121,0.0015321911394156483
44,174.4467,-0.007534983,-0.0007315517475728155,-1.3144529189061,0.0009615903299279458
45,101.9795,-0.01270512,-0.0012335067961165049,-1.29566178504,0.0015982076173152822
46,306.5972,-0.00414512,-0.0004024388349514563,-1.270882185664,0.0005114523461591806
47,104.2444,-0.01215043,-0.0011796533980582523,-1.266614285092,0.0014941658454379015
48,263.3841,-0.004718164,-0.00045807417475728155,-1.2426893787924,0.0005692439116699675
49,207.1178,-0.005920083,-0.0005747653398058252,-1.2261545667773999,0.0007047511462282765
50,165.2415,-0.007384629,-0.0007169542718446602,-1.2202471729035,0.000874861423319534
51,153.6765,-0.007797153,-0.0007570051456310679,-1.1982391830045,0.0009070732272311734
52,201.4814,-0.005579474,-0.0005416965048543689,-1.1241602327836,0.0006089536689951498
53,195.2104,-0.005743331,-0.0005576049514563106,-1.1211579418424,0.0006251632197358885
54,220.114,-0.005064539,-0.0004917028155339805,-1.114775937446,0.0005481384671317307
55,199.4568,-0.005604811,-0.0005441564077669903,-1.1179176666648,0.0006083220616715732
56,361.2088,-0.00308081,-0.0002991077669902912,-1.1128156831279998,0.00033285181405219154
57,205.11,-0.005466595,-0.0005307373786407767,-1.12125330045,0.0005950910374731523
58,162.9518,-0.006914906,-0.0006713500970873786,-1.1267963795308,0.0007564748587957094
59,187.9104,-0.006022949,-0.0005847523300970873,-1.1317747557696,0.0006618079255813355
60,167.3001,-0.006780483,-0.0006582993203883495,-1.1343754839483,0.000746758610148371
61,171.2295,-0.006610102,-0.0006417574757281553,-1.1318444604089999,0.0007263696438289757
62,158.6978,-0.007124127,-0.0006916628155339805,-1.1305832818206,0.000781982415899684
63,205.6202,-0.005424113,-0.0005266129126213592,-1.1153071998826,0.0005873351729977485
64,289.2357,-0.003982629,-0.0003866630097087378,-1.1519184866552998,0.00044540426898927274
65,131.1473,-0.008812914,-0.0008556227184466019,-1.1557898762322,0.0009889200758548566
66,244.4248,-0.004419884,-0.00042911495145631063,-1.0803292627232,0.0004635854391302978
67,225.2483,-0.004770204,-0.00046312660194174754,-1.0744803416532,0.0004976204294830545
68,258.5682,-0.004159079,-0.0004037940776699029,-1.0754055706878,0.0004342424005369558
69,197.9474,-0.005513476,-0.0005352889320388349,-1.0913782391623998,0.0005842026920916651
70,202.6472,-0.005354778,-0.000519881359223301,-1.0851307683216,0.0005641392587700584
71,201.3656,-0.005380115,-0.0005223412621359223,-1.083370085044,0.0005658888975821844
72,179.5651,-0.006010963,-0.000583588640776699,-1.0793591721913,0.0006299017522089838
73,175.7956,-0.006103815,-0.0005926033980582524,-1.0730238202140001,0.0006358775620562638
74,220.6887,-0.004858201,-0.00047167,-1.0721500630287002,0.000505701020228747
75,228.6246,-0.004731363,-0.0004593556310679611,-1.0817059733297998,0.0004968877300088933
76,182.1343,-0.005927214,-0.0005754576699029126,-1.0795489728402,0.0006212347364567041
77,238.268,-0.004530487,-0.00043985310679611647,-1.079470076516,0.0004748082668490041
78,122.6217,-0.008828844,-0.0008571693203883495,-1.0826078603148002,0.0009279782438731224
79,140.5321,-0.007643007,-0.0007420395145631068,-1.0740878240247,0.000797015607537432
80,179.2712,-0.005953158,-0.0005779765048543689,-1.0672297784495999,0.0006168337372248023
81,204.761,-0.005183032,-0.000503206990291262,-1.061282815352,0.0005340449313611171
82,191.6066,-0.005534565,-0.0005373364077669902,-1.060459182129,0.0005698233275087172
83,166.5502,-0.00633807,-0.0006153466019417475,-1.055606826114,0.000649564073435763
84,182.9883,-0.00574591,-0.0005578553398058252,-1.051434302853,0.0005865482403015612
85,220.2057,-0.00477081,-0.00046318543689320387,-1.0505595556170002,0.00048660388675079037
86,174.2688,-0.006029625,-0.0005854004854368932,-1.0507755132,0.0006151244955124806
87,212.1927,-0.004943619,-0.0004799630097087378,-1.0489998633813,0.0005034811316125435
88,159.1377,-0.006594172,-0.0006402108737864077,-1.0493813654844,0.0006718253609319414
89,156.2945,-0.006713575,-0.0006518033980582524,-1.0492948478375,0.0006839339473854994
90,158.3772,-0.006628612,-0.0006435545631067961,-1.0498210084464,0.000675617100431059
91,212.7718,-0.004925412,-0.0004781953398058252,-1.0479887769816,0.0005011433493214074
92,205.2227,-0.005112482,-0.0004963574757281553,-1.0491973597414,0.0005207769530218866
93,205.0259,-0.005118703,-0.0004969614563106795,-1.0494666894077,0.0005215444943175982
94,185.3621,-0.005669595,-0.0005504461165048544,-1.0509280353495,0.0005784792557842086
95,190.0942,-0.005547765,-0.0005386179611650485,-1.054597949463,0.000568025397388602
96,232.0827,-0.004562197,-0.0004429317475728155,-1.0588069976919,0.0004689792338299992
97,279.646,-0.00379116,-0.000368073786407767,-1.0601827293600001,0.0003902254714796561
98,404.6608,-0.002644011,-0.0002567000970873786,-1.0699276064688,0.00027465052045700755
99,168.356,-0.006392537,-0.0006206346601941747,-1.076221959172,0.0006679406499242232
100,195.8331,-0.005500125,-0.0005339927184466019,-1.0771065291375,0.0005751670435507175
101,163.5804,-0.006610406,-0.0006417869902912621,-1.0813328576424,0.0006939853602093656
102,173.951,-0.006204709,-0.0006023989320388349,-1.079315335259,0.0006501784052931586
103,181.5412,-0.005961503,-0.0005787866990291262,-1.0822584084236,0.0006263967717080113
104,223.672,-0.004841967,-0.0004700938834951456,-1.083012442824,0.0005091175251206985
105,118.9935,-0.009155192,-0.0008888535922330096,-1.089408339252,0.0009683245157527374
106,148.6286,-0.007346547,-0.0007132569902912621,-1.0919069954442,0.0007788102972485049
107,208.4597,-0.005170742,-0.000502013786407767,-1.0778913260974,0.0005411163059502449
108,201.6208,-0.005379053,-0.0005222381553398058,-1.0845289691024,0.0005663824082366186
109,194.7555,-0.005608452,-0.0005445099029126213,-1.092276873486,0.0005947555743355634
110,225.8354,-0.004890062,-0.0004747633009708737,-1.1043491077948,0.0005243044278408985
111,284.4473,-0.003955471,-0.00038402631067961163,-1.1251230461783,0.0004320768524844588
112,236.6095,-0.004591934,-0.00044581883495145623,-1.086495207773,0.0004843800277096992
113,217.1393,-0.005006127,-0.0004860317475728155,-1.0870269124911,0.0005283295899367313
114,220.1589,-0.004900986,-0.00047582388349514564,-1.0789956866754,0.0005134119179084002
115,250.5572,-0.004291985,-0.00041669757281553394,-1.0753877440419999,0.000448111462777874
116,255.1769,-0.004214456,-0.0004091704854368932,-1.0754318172664,0.0004400349587251731
117,227.903,-0.004740467,-0.00046023951456310673,-1.080366650701,0.0004972274228687977
118,214.9028,-0.005073794,-0.000492601359223301,-1.0903725372232,0.0005371189938959077
119,279.6959,-0.003917542,-0.00038034388349514564,-1.0957204354778,0.00041675056565461865
120,339.1983,-0.00324497,-0.00031504563106796114,-1.100688307551,0.00034676704246153087
121,119.748,-0.009229686,-0.0008960860194174757,-1.105236439128,0.0009903869212533549
122,260.5454,-0.004214608,-0.0004091852427184466,-1.0980967272031998,0.00044932497584897316
123,705.1844,-0.001552998,-0.00015077650485436893,-1.0951499628312,0.00016512288368708037
124,157.9282,-0.006966036,-0.0006763141747572815,-1.1001335266152001,0.0007440358981755769
125,187.1191,-0.005860154,-0.0005689469902912622,-1.0965467423414001,0.0006238769687688277
126,167.2606,-0.006561401,-0.0006370292233009708,-1.0974638681006,0.0006991165554970043
127,206.6351,-0.005308807,-0.0005154181553398057,-1.0969858653256999,0.0005654064311400128
128,184.6479,-0.005939352,-0.0005766361165048543,-1.0966888741608,0.0006323904134101646
129,151.8509,-0.007185118,-0.0006975842718446602,-1.0910666349062,0.0007611109240450452
130,163.6186,-0.00659933,-0.0006407116504854369,-1.0797731355379998,0.0006918232278203872
131,185.2256,-0.005842707,-0.0005672531067961164,-1.0822189096991999,0.0006138920387603768
132,135.2127,-0.008000761,-0.0007767729126213592,-1.0818044968647,0.0008403164299164771
133,213.3968,-0.005039353,-0.0004892575728155339,-1.0753818042704,0.0005261386914073255
134,181.9032,-0.005895808,-0.0005724085436893203,-1.0724663417856,0.0006138888968573081
135,196.5127,-0.005471905,-0.0005312529126213592,-1.0752988256934999,0.000571255633087999
136,201.9287,-0.005332323,-0.0005177012621359223,-1.0767490513701,0.0005574343428979577
137,232.0204,-0.004634415,-0.0004499432038834951,-1.0752788220660001,0.00048381439826844676
138,170.2625,-0.006328208,-0.0006143891262135922,-1.0774565146,0.0006619775665382365
139,191.8971,-0.005606783,-0.0005443478640776698,-1.0759253980293,0.0005856776923241661
140,157.5293,-0.006814772,-0.0006616283495145631,-1.0735262628196,0.000710275409429869
141,236.4649,-0.004518957,-0.0004387336893203883,-1.0685747151093,0.000468819727074386
142,263.4253,-0.004064861,-0.0003946466990291262,-1.0707872283833,0.0004225826450440164
143,147.4772,-0.007324548,-0.0007111211650485436,-1.0802038303056,0.0007681558062968177
144,197.8547,-0.00544672,-0.0005288077669902912,-1.0776591515840002,0.0005698745295257869
145,180.4626,-0.006005805,-0.0005830878640776699,-1.083823185393,0.0006319641462086609
146,322.1922,-0.003377876,-0.0003279491262135922,-1.0883252997672002,0.0003569153310947991
147,237.738,-0.004608471,-0.0004474243689320388,-1.0956086785980002,0.0004902020216181752
148,239.8781,-0.004583286,-0.00044497922330097084,-1.0994299374366,0.0004892234796343731
149,194.3172,-0.005645017,-0.0005480599029126212,-1.0969238973924,0.0006011800047074128
150,1188.928,-0.0009209356,-8.941122330097087e-05,-1.0949261210368002,9.78986839060872e-05
151,209.6591,-0.005280435,-0.0005126635922330097,-1.1070912497085,0.0005675653770052916
152,170.6279,-0.006500561,-0.000631122427184466,-1.1091770722519,0.000700026526016979
153,183.1472,-0.006039031,-0.0005863136893203883,-1.1060316183632,0.0006484814786675275
154,229.0805,-0.004821636,-0.00046811999999999993,-1.104542785698,0.0005170585688409477
155,171.5578,-0.006440176,-0.0006252598058252427,-1.1048624261728,0.0006908260660524114
156,186.0861,-0.006011266,-0.0005836180582524271,-1.1186130460026,0.0006528427738438703
157,244.4256,-0.004544293,-0.000441193495145631,-1.1107415431007999,0.0004900519436040934
158,220.8548,-0.004957121,-0.0004812738834951456,-1.0948039670308,0.0005269005568788045
159,239.4627,-0.004545204,-0.00044128194174757274,-1.0884068218908,0.00048029427577527683
160,239.2711,-0.004557796,-0.0004425044660194175,-1.0905488624956,0.0004825727420666986
161,226.8983,-0.004812836,-0.00046726563106796115,-1.0920243065788,0.0005102654267550957
162,211.9853,-0.005154963,-0.0005004818446601942,-1.0927763780439,0.0005469147374844968
163,570.685,-0.001918641,-0.00018627582524271844,-1.094939639085,0.00020396078486152264
164,235.231,-0.004691613,-0.00045549640776699026,-1.103612817603,0.0005026916739837732
165,146.5872,-0.007507976,-0.0007289297087378641,-1.1005731795072,0.0008022404871828883
166,152.4864,-0.007178442,-0.0006969361165048544,-1.0946147781888,0.0007628765725797248
167,144.385,-0.007549699,-0.0007329804854368932,-1.090063290115,0.0007989951195454297
168,178.4265,-0.00608925,-0.0005911893203883495,-1.086483565125,0.0006423174804793599
169,179.0984,-0.006073926,-0.0005897015533980583,-1.0878304283184002,0.0006414952934130357
170,174.1897,-0.006228832,-0.0006047409708737864,-1.0849983774304,0.000656142972163743
171,294.7231,-0.003679191,-0.00035720300970873783,-1.0843425770121,0.00038733043206405095
172,177.7349,-0.006114891,-0.0005936787378640776,-1.0868295403959,0.0006452275898156335
173,184.5447,-0.005879877,-0.0005708618446601942,-1.0851001370019,0.0006194422658499341
174,185.9871,-0.005831631,-0.0005661777669902912,-1.0846081379601,0.0006140810136097472
175,176.5722,-0.00615191,-0.0005972728155339806,-1.0862562829020002,0.0006487913484803537
176,203.9165,-0.005321247,-0.0005166259223300971,-1.0850900638755,0.0005605856550609042
177,218.9052,-0.005023423,-0.00048771097087378635,-1.0996534164996001,0.0005363130353856962
178,191.9837,-0.005751068,-0.0005583561165048544,-1.1041113135915999,0.0006164873052460792
179,172.2191,-0.006356579,-0.0006171435922330097,-1.0947243144589,0.0006756020959299845
180,190.7557,-0.005689773,-0.0005524051456310679,-1.0853566314561,0.0005995565880611523
181,184.1852,-0.005871533,-0.0005700517475728155,-1.0814494799116001,0.0006164821659353201
182,211.1264,-0.005204727,-0.0005053133009708737,-1.0988552744928,0.0005552661860432123
183,218.8362,-0.005027671,-0.0004881233980582524,-1.1002364164901999,0.000537051138284631
184,220.4957,-0.004948322,-0.0004804196116504854,-1.0910837232154,0.0005241780185853082
185,208.539,-0.005245388,-0.0005092609708737864,-1.093867968132,0.0005570642634586384
186,209.2575,-0.005286807,-0.0005132822330097087,-1.1063040158025,0.0005678461956187152
187,211.3292,-0.005324282,-0.0005169205825242718,-1.1251762556343998,0.0005816267655050129
188,184.7871,-0.006036148,-0.0005860337864077669,-1.1154022840908,0.0006536634239136033
189,227.6816,-0.00487231,-0.0004730398058252427,-1.1093353364960001,0.0005247597721711482
190,144.4493,-0.007484156,-0.0007266170873786407,-1.0810810952907999,0.0007855319966803118
191,160.2818,-0.006738456,-0.0006542190291262135,-1.0800518569008,0.0007065904772276054
192,226.2544,-0.004773844,-0.00046348,-1.0801032099136,0.0005006062357307553
193,186.6688,-0.005795673,-0.0005626866990291262,-1.0818713241024,0.0006087546041334494
194,198.7028,-0.005460981,-0.0005301923300970873,-1.0851122154468,0.0005753181739245515
195,174.1579,-0.006246431,-0.0006064496116504854,-1.0878653054549001,0.0006597354920211608
196,212.4472,-0.005112027,-0.0004963133009708737,-1.0860358224744,0.0005390140240248873
197,210.0734,-0.005201844,-0.0005050333980582524,-1.0927690553496,0.000551884869316115
198,215.3086,-0.005058318,-0.0004910988349514563,-1.0890993669348001,0.000534855430248049
199,208.4064,-0.005233402,-0.000508097281553398,-1.0906744705728,0.0005541687335577312
200,238.7071,-0.004542018,-0.0004409726213592233,-1.0842119449278,0.0004781077834637938
201,248.6958,-0.004363899,-0.0004236795145631068,-1.0852833529242,0.000459812324130346
202,182.454,-0.005964385,-0.0005790665048543689,-1.0882259007900001,0.0006301551688624625
203,219.2519,-0.004961521,-0.00048170106796116503,-1.0878229061399,0.0005240054556402081
204,221.5129,-0.004936943,-0.000479314854368932,-1.0935965610647,0.0005241770764050916
205,221.3996,-0.004937549,-0.0004793736893203883,-1.0931713735804,0.0005240375944126728
206,202.3631,-0.005376018,-0.000521943495145631,-1.0879076681358,0.0005678263307025326
207,252.0368,-0.004317928,-0.0004192163106796117,-1.0882767557504,0.0004562233665440596
208,230.5653,-0.00472226,-0.0004584718446601941,-1.088789293578,0.0004991792358729752
209,235.6232,-0.004627738,-0.00044929495145631064,-1.0904024363216,0.0004899123096949561
210,246.5782,-0.004408808,-0.00042803961165048543,-1.0871159407856001,0.0004653286851129204
211,230.9715,-0.00472408,-0.0004586485436893204,-1.09112784372,0.0005004441965010464
212,252.5788,-0.004323086,-0.0004197170873786408,-1.0919198741768001,0.00045829742924033846
213,201.1571,-0.00544505,-0.0005286456310679611,-1.095310467355,0.0005790310932302274
214,161.6536,-0.00679975,-0.0006601699029126214,-1.0992040666,0.0007256614419284806
215,334.7816,-0.00325999,-0.00031650388349514563,-1.091384668184,0.0003454274858672969
216,208.697,-0.005221264,-0.0005069188349514563,-1.0896621330079999,0.0005523702589551341
217,186.7494,-0.005822072,-0.0005652497087378641,-1.0872684527568002,0.0006145781762406494
218,212.4519,-0.005094578,-0.0004946192233009708,-1.0823527757981999,0.0005353524893029554
219,132.8216,-0.008175692,-0.0007937565048543689,-1.0859084925472,0.000861946929635942
220,190.9817,-0.005674449,-0.0005509173786407767,-1.0837159165833,0.0005970379319553582
221,218.3357,-0.004961672,-0.0004817157281553398,-1.0833101292904002,0.0005218475277491804
222,160.1836,-0.00676182,-0.0006564873786407767,-1.083132670152,0.0007110629273482716
223,193.1725,-0.005584328,-0.0005421677669902912,-1.0787386005800002,0.0005848572982426904
224,206.151,-0.005230215,-0.0005077878640776699,-1.0782140524650001,0.0005475040107197311
225,190.5436,-0.005665498,-0.000550048349514563,-1.0795243847128,0.0005937906060719998
226,232.5197,-0.004656262,-0.0004520642718446602,-1.0826726433614,0.0004894376201673048
227,207.9747,-0.005232946,-0.0005080530097087378,-1.0883203744662,0.0005529244417748935
228,203.1397,-0.0053877,-0.0005230776699029126,-1.09445576169,0.0005724853696366226
229,193.914,-0.005630299,-0.0005466309708737864,-1.091793800286,0.000596808305044317
230,309.6789,-0.003568739,-0.00034647951456310676,-1.1051631679071,0.0003829163979294772
231,218.6949,-0.005035104,-0.0004888450485436893,-1.1011515657696,0.0005382924906225996
232,325.9759,-0.0033844,-0.00032858252427184464,-1.10323283596,0.00036250303009932274
233,174.1816,-0.006355972,-0.0006170846601941747,-1.1070933725152,0.0006831703375817649
234,206.2072,-0.005373135,-0.0005216635922330097,-1.107979123572,0.0005779923697217513
235,96.83367,-0.01140868,-0.001107638834951456,-1.1047443542556,0.0012236577494668713
236,133.9811,-0.00828675,-0.0008045388349514563,-1.1102678804250001,0.0008932536270011524
237,85.01428,-0.01319183,-0.0012807601941747571,-1.1214939293324,0.001436364782697576
238,231.3311,-0.004792809,-0.00046532126213592233,-1.1087257780599,0.0005159136784094652
239,-592.4837,0.001853857,0.00017998611650485436,-1.0983800546309,-0.00019769316047940546
240,60.45944,-0.01825607,-0.0017724339805825242,-1.1037517688008,0.001956327141150604
241,3113.318,-0.0003480438,-3.379066019417475e-05,-1.0835710273284,3.661458038070681e-05
242,193.5969,-0.005673994,-0.0005508732038834951,-1.0984676490186,0.0006051163931772468
243,185.4165,-0.005920538,-0.0005748095145631068,-1.0977654340770002,0.0006310060162659587
244,-620.8612,0.001739157,0.00016885019417475728,-1.0797751020084,-0.00018232023563918671
245,141.7361,-0.007660605,-0.0007437480582524271,-1.0857842763405,0.0008075499472092636
246,-2591.295,0.0004172277,4.050754368932039e-05,-1.0811600528715,-4.379513807684023e-05
247,205.9842,-0.005270117,-0.0005116618446601942,-1.0855608341514,0.0005554400588927644
248,1990.524,-0.0005498303,-5.338158252427184e-05,-1.0944504080771997,5.8423494777496026e-05
249,97.11321,-0.01121721,-0.0010890495145631067,-1.0893392703441,0.001186344403562771
250,146.1364,-0.007457149,-0.0007239950485436892,-1.0897609091236,0.0007889815023019557
251,76.48891,-0.01415115,-0.001373898058252427,-1.0824060387465,0.0014871155548745177
252,201.368,-0.005274669,-0.000512103786407767,-1.062149547192,0.0005439308048483184
253,427.3298,-0.002487284,-0.00024148388349514563,-1.0628905742632,0.000256670943603463
254,395.9249,-0.002695291,-0.0002616787378640776,-1.0671328196458998,0.0002792459693782734
255,253.0762,-0.004219917,-0.00040970067961165047,-1.0679605586754,0.00043754416668774927
256,-523.2954,0.002042899,0.00019833970873786406,-1.0690396493646,-0.0002120330126842031
257,456.4023,-0.002340724,-0.0002272547572815534,-1.0683118172652002,0.0002427789427336183
258,160.196,-0.006682926,-0.0006488277669902912,-1.070578013496,0.0006946207418855114
259,157.8319,-0.00678913,-0.0006591388349514563,-1.071541287247,0.0007062944756783714
260,-578.5115,0.00184794,0.00017941165048543687,-1.0690545413099999,-0.00019180083971537872
261,182.37,-0.005843616,-0.0005673413592233009,-1.0657002499200001,0.0006046158283142244
262,125.8245,-0.008447572,-0.0008201526213592233,-1.062911523114,0.0008717496719548718
263,157.1786,-0.0067336,-0.0006537475728155339,-1.0583778209599999,0.0006919119315743936
264,253.7013,-0.004184263,-0.0004062391262135922,-1.0615529626419,0.0004312443479730955
265,115.5786,-0.009175824,-0.0008908566990291262,-1.0605288917664,0.0009447792677440325
266,243.7991,-0.004328548,-0.00042024737864077667,-1.0552961067068,0.0004434854225333501
267,215.4399,-0.004953024,-0.00048087611650485436,-1.0670789952576,0.0005131328032433767
268,201.1615,-0.005241898,-0.0005089221359223301,-1.054468064527,0.0005366421396609662
269,144.953,-0.007271748,-0.0007059949514563106,-1.054061687844,0.0007441622301413815
270,187.9748,-0.005574466,-0.0005412102912621359,-1.0478591314568,0.0005671121457374235
271,184.4118,-0.005670808,-0.0005505638834951456,-1.0457639107344001,0.0005757598399130021
272,193.6782,-0.005404844,-0.0005247421359223301,-1.0468004572008,0.0005493003077960194
273,211.7355,-0.004942252,-0.00047983029126213593,-1.0464501983460002,0.0005021185034636812
274,260.2678,-0.004022986,-0.00039058116504854366,-1.0470537156508002,0.0004089594601272961
275,226.9426,-0.004611201,-0.0004476894174757281,-1.0464779440626,0.000468497101178583
276,197.0626,-0.005332474,-0.000517715922330097,-1.0508311908724,0.0005440320391957387
277,217.346,-0.004806767,-0.0004666764077669903,-1.044731580382,0.00048755158101340245
278,94.8402,-0.01101193,-0.0010691194174757281,-1.0443736435859998,0.0011165601414576678
279,206.0307,-0.005036166,-0.0004889481553398058,-1.0376048062962,0.0005073349560102435
280,831.3442,-0.001254111,-0.0001217583495145631,-1.0425979060062,0.00012694500024265453
281,190.9258,-0.005461283,-0.0005302216504854369,-1.0426998258014,0.0005528620225972958
282,199.806,-0.005208216,-0.0005056520388349514,-1.040632806096,0.0005261981000809791
283,210.2973,-0.004961369,-0.00048168631067961164,-1.0433625050037,0.0005025734357366701
284,225.4437,-0.004632745,-0.00044978106796116497,-1.0444231739565,0.0004697617705855441
285,213.256,-0.004959548,-0.0004815095145631068,-1.057653368288,0.0005092701599403897
286,237.2922,-0.004454627,-0.00043248805825242716,-1.0570482410094,0.00045716074123329904
287,153.6024,-0.006907926,-0.000670672427184466,-1.0610740126223999,0.0007116330834678256
288,228.5006,-0.004628497,-0.00044936864077669897,-1.0576143415981998,0.00047525871914992645
289,230.2838,-0.00461378,-0.00044793980582524264,-1.0624787907639999,0.0004759265432282647
290,248.6751,-0.004245103,-0.00041214592233009705,-1.0556514130352999,0.0004350824252845039
291,220.4901,-0.004777334,-0.0004638188349514563,-1.0533548513934001,0.0004885658199637512
292,202.976,-0.00522445,-0.0005072281553398058,-1.0604379632,0.0005378839919262369
293,157.5836,-0.006744676,-0.0006548229126213591,-1.0628503249135999,0.0006959787454404814
294,223.6142,-0.004751997,-0.00046135893203883493,-1.0626140075574,0.0004902464636961885
295,219.3686,-0.004809802,-0.000466971067961165,-1.0551195310172,0.0004927102942257854
296,194.7373,-0.005435188,-0.0005276881553398058,-1.0584338361124,0.0005585229985273866
297,177.9715,-0.005924331,-0.0005751777669902912,-1.0543620745664999,0.0006064456236484103
298,188.6051,-0.005603445,-0.000544023786407767,-1.0568383045695,0.0005749451760726643
299,331.1372,-0.003189592,-0.00030966912621359225,-1.0561925640224001,0.0003270702284141102
300,219.6585,-0.004811926,-0.00046717728155339804,-1.056980447271,0.0004937972520111606
301,346.7318,-0.003050921,-0.0002962059223300971,-1.0578513299878,0.0003133418288871562
302,221.0247,-0.004782795,-0.00046434902912621356,-1.0571158300365,0.0004908707093514001
303,191.8442,-0.005497848,-0.0005337716504854368,-1.0547302512816,0.0005629851070434991
304,206.932,-0.005091392,-0.0004943099029126214,-1.053571929344,0.0005207910381054958
305,215.9673,-0.004850159,-0.0004708892233009708,-1.0474757438006999,0.0004932450394249182
306,234.404,-0.00448664,-0.00043559611650485433,-1.05168636256,0.0004581104953122522
307,205.2578,-0.005123708,-0.0004974473786407766,-1.0516810319224001,0.0005231559724960249
308,196.048,-0.005402113,-0.0005244769902912621,-1.059073449424,0.0005554596552512848
309,150.7526,-0.006945552,-0.0006743254368932038,-1.0470600224352,0.000706059207082024
310,183.3078,-0.005704338,-0.0005538192233009708,-1.0456496492363998,0.0005791008765850355
311,223.0093,-0.004683116,-0.0004546714563106796,-1.0443784209788,0.000474849057605879
312,200.6918,-0.005211706,-0.0005059908737864077,-1.0459466582108,0.0005292394635220557
313,206.3418,-0.005068483,-0.0004920857281553398,-1.0458399054894,0.0005146428914266632
314,193.9416,-0.005396196,-0.0005239025242718446,-1.0465468861536,0.0005482885554247099
315,166.4405,-0.006298167,-0.0006114725242718446,-1.0482700645635,0.0006409883424972529
316,153.9106,-0.006812495,-0.000661407281553398,-1.048515192947,0.0006934955834345119
317,192.7012,-0.005430029,-0.000527187281553398,-1.0463731043348001,0.0005516345923648534
318,183.9565,-0.0056834,-0.0005517864077669903,-1.0454983721,0.0005768917910672951
319,208.1644,-0.005020995,-0.0004874752427184466,-1.045192411578,0.0005095054245214641
320,193.1696,-0.005423657,-0.000526568640776699,-1.0476856532272,0.0005516784103810948
321,186.4068,-0.005649567,-0.0005485016504854368,-1.0531177058556,0.0005776367998172335
322,207.9534,-0.005071972,-0.0004924244660194175,-1.0547338221048,0.0005193767391425754
323,189.4284,-0.005582356,-0.0005419763106796116,-1.0574567653104001,0.0005731165163661265
324,200.0564,-0.005298337,-0.0005144016504854368,-1.0599662262068,0.0005452483762195978
325,180.8296,-0.005885339,-0.00057139213592233,-1.0642434972344,0.0006081003650262141
326,166.5486,-0.006380247,-0.0006194414563106797,-1.0626212055042,0.0006582316270441316
327,181.875,-0.005832237,-0.0005662366019417475,-1.060738104375,0.0006006287397714307
328,177.9814,-0.005962412,-0.0005788749514563107,-1.0611984351368,0.000614301192625328
329,183.1258,-0.005761536,-0.000559372427184466,-1.0550858892288,0.0005901859547459945
330,190.9579,-0.005512565,-0.0005352004854368932,-1.0526678360135,0.000563388336838229
331,204.1944,-0.00516088,-0.0005010563106796115,-1.0538227950719998,0.0005280245618088526
332,210.3,-0.005026153,-0.0004879760194174757,-1.0569999759000002,0.0005157906407640498
333,192.7258,-0.005504524,-0.0005344198058252427,-1.0608637915192,0.0005669466214707217
334,163.2195,-0.006501774,-0.0006312401941747573,-1.061216301393,0.000669882384152735
335,188.3692,-0.005617403,-0.0005453789320388349,-1.0581457091876,0.000577090376818209
336,206.5523,-0.005111419,-0.0004962542718446602,-1.0557753507137,0.0005239330278999679
337,212.5016,-0.00497032,-0.00048255533980582526,-1.056200952512,0.0005096754095426644
338,163.338,-0.006475981,-0.0006287360194174756,-1.057773784578,0.0006650604787597301
339,164.6646,-0.006416204,-0.000622932427184466,-1.0565216651784,0.0006581416052625544
340,175.1714,-0.006015514,-0.0005840304854368931,-1.0537460090996,0.0006154197932216281
341,199.6269,-0.005269359,-0.0005115882524271845,-1.0519058021571002,0.0005381426510435665
342,200.0392,-0.005261925,-0.0005108665048543688,-1.05259126746,0.0005377336218475203
343,181.0929,-0.005815548,-0.0005646163106796116,-1.0531544524092,0.0005946281814950891
344,190.1634,-0.005531226,-0.0005370122330097088,-1.0518367423284,0.0005648491977594317
345,198.0632,-0.005313964,-0.0005159188349514563,-1.0525007145248,0.00054300494242321
346,176.117,-0.005972577,-0.0005798618446601941,-1.0518723435089998,0.00060994063745417
347,174.68,-0.006012176,-0.0005837064077669902,-1.0502069036800001,0.0006130124991591464
348,194.5703,-0.005378749,-0.000522208640776699,-1.0465448065547,0.0005465147409428433
349,181.3842,-0.005774584,-0.0005606392233009709,-1.0474182991728,0.0005872237817194625
350,181.4992,-0.005772005,-0.0005603888349514563,-1.0476142898960001,0.0005870713513933167
351,77.31474,-0.01355156,-0.001315685436893204,-1.0477353379944,0.001378490125917611
352,199.3837,-0.005224298,-0.0005072133980582523,-1.0416398651426,0.0005283336955519178
353,368.444,-0.002829563,-0.000274714854368932,-1.042535509972,0.0002863999907963982
354,191.2023,-0.005484649,-0.0005324901941747573,-1.0486775034927,0.0005584104874615276
355,-39.37815,0.02670091,0.0025923213592233007,-1.0514324391165,-0.0027256507697019554
356,76.5401,-0.01275488,-0.0012383378640776698,-0.976259790688,0.0012089394639854909
357,86.76194,-0.01092651,-0.001060826213592233,-0.9480052050294,0.001005668772117067
358,114.6846,-0.008203153,-0.0007964226213592232,-0.9407753205438,0.0007492547468975566
359,-671.0648,0.001413264,0.00013721009708737863,-0.9483917235072,-0.00013012892045928927
360,-162.9467,0.005783535,0.0005615082524271845,-0.9424079425845,-0.000529169836914121
361,66.41789,-0.01426843,-0.0013852844660194174,-0.9476790142127001,0.001312805017161448
362,146.1924,-0.006447914,-0.000626011067961165,-0.9426360226535999,0.000590100583240045
363,246.6062,-0.003775987,-0.00036660067961165045,-0.9311818053194001,0.00034137188267209566
364,119.7396,-0.007839937,-0.0007611589320388348,-0.9387509204051999,0.0007145386480260953
365,110.0286,-0.008654821,-0.0008402738834951455,-0.9522778378805999,0.0008001741970022924
366,157.218,-0.006036906,-0.0005861073786407766,-0.9491102875079999,0.0005562805426523076
367,296.5732,-0.003190806,-0.0003097869902912621,-0.9463075459992,0.0002931537665650023
368,138.4841,-0.006848301,-0.0006648835922330097,-0.9483808005141001,0.0006305628334506323
369,160.7212,-0.005881394,-0.0005710091262135921,-0.9452647013528,0.0005397547711600145
370,150.3073,-0.006299229,-0.0006115756310679611,-0.9468201030717,0.0005790521020439069
371,708.4131,-0.001346508,-0.00013072893203883493,-0.9538839064547999,0.00012470022437986793
372,138.4932,-0.006930229,-0.0006728377669902913,-0.9597895909428,0.0006457826851504787
373,159.6113,-0.005898083,-0.0005726294174757281,-0.9414006951379,0.0005390737316680611
374,198.0472,-0.004741224,-0.0004603130097087378,-0.9389861377727999,0.00043222753515298105
375,91.18948,-0.01031645,-0.0010015970873786407,-0.940751710946,0.0009422541736299865
376,265.3715,-0.003581938,-0.0003477609708737864,-0.950544259967,0.00033056219470462873
377,-4228.338,0.0002234824,2.1697320388349513e-05,-0.9449591242512,-2.050308087277246e-05
378,521.7634,-0.00181881,-0.00017658349514563105,-0.9489884895540001,0.0001675757043384185
379,459.2513,-0.00206596,-0.000200578640776699,-0.948794815748,0.0001903079745187124
380,666.4285,-0.001433139,-0.00013913970873786406,-0.9550846740615,0.00013289020336891495
381,182.6874,-0.005243111,-0.0005090399029126213,-0.9578503165014,0.0004875840321166962
382,406.6911,-0.002366819,-0.00022978825242718446,-0.9625642226109,0.00022118595056269007
383,229.0174,-0.004219766,-0.0004096860194174757,-0.9663998379284,0.00039592050276657985
384,162.9357,-0.005942689,-0.0005769600970873786,-0.9682761920973,0.0005586567257998554
385,82.94396,-0.01178661,-0.0011443310679611649,-0.9776281083756,0.0011187302173263037
386,119.4224,-0.008162947,-0.0007925191262135922,-0.9748387218128,0.0007725783320102553
387,124.4812,-0.007866184,-0.0007637071844660194,-0.9791920237408,0.00074781598350267
388,148.3237,-0.006519525,-0.0006329635922330097,-0.9670000702425,0.0006120758381502655
389,143.1224,-0.006777751,-0.0006580340776699029,-0.9700479897224,0.0006383246342125229
390,29.36315,-0.03289575,-0.00319376213592233,-0.9659228416125001,0.0030849277977645045
391,147.2787,-0.006362951,-0.0006177622330097087,-0.9371271514437,0.0005789217616898876
392,157.9744,-0.005963171,-0.000578948640776699,-0.9420283608223999,0.0005453860390712302
393,169.6868,-0.005531681,-0.0005370564077669903,-0.9386532475108,0.0005041097412469698
394,172.6696,-0.005409699,-0.0005252134951456309,-0.9340905624503999,0.0004905969690871228
395,162.3464,-0.0057981,-0.0005629223300970873,-0.9413006618399998,0.0005298791618849032
396,168.5396,-0.005594341,-0.0005431399029126213,-0.9428679944036,0.0005121092309397893
397,178.2867,-0.005301068,-0.0005146667961165049,-0.9451099201955999,0.000486416694604995
398,213.5365,-0.004448406,-0.0004318840776699029,-0.949897047819,0.00041024541037867245
399,-1813.515,0.0005238863,5.086274757281553e-05,-0.9500756633445,-4.832345863976657e-05
400,226.7849,-0.004220979,-0.00040980378640776696,-0.9572543004170999,0.0003922864368660456
401,512.6698,-0.001868877,-0.00018144436893203882,-0.9581167978146,0.00017384489774265591
402,86.19923,-0.01099221,-0.001067204854368932,-0.9475200379983001,0.0010111979841636207
403,114.7591,-0.008367009,-0.0008123309708737863,-0.9601904225319,0.0007799924181590495
404,330.3617,-0.002922718,-0.00028375902912621356,-0.9655540871006,0.0002739846903245137
405,28.76766,-0.03491028,-0.0033893475728155337,-1.0042870655448,0.0034038779280143026
406,66.61396,-0.01426706,-0.0013851514563106794,-0.9503853641576001,0.001316427671219255
407,188.1031,-0.004977299,-0.0004832329126213592,-0.9362453715269001,0.0004524245778112105
408,162.9756,-0.005745605,-0.0005578257281553398,-0.9363934222379999,0.0005223443425997829
409,148.2672,-0.006311215,-0.0006127393203883495,-0.9357461766480001,0.000573368476335292
410,86.61941,-0.01088767,-0.0010570553398058253,-0.9430835516747,0.0009968915041807845
411,132.5423,-0.007109409,-0.0006902338834951456,-0.9422974205007001,0.0006504056079596564
412,101.7575,-0.009284,-0.0009013592233009708,-0.94471663,0.0008515290478563106
413,401.3786,-0.002345275,-0.00022769660194174756,-0.941343196115,0.00021434064701636956
414,102.4267,-0.009203437,-0.000893537572815534,-0.9426776805679,0.0008423179266420186
415,81.98606,-0.01146451,-0.0011130592233009708,-0.9399300047306,0.0010461977610227195
416,67.99681,-0.01389702,-0.0013492252427184464,-0.9449530285061999,0.0012749544792438085
417,-442.2958,0.002172467,0.0002109191262135922,-0.9608730297386,-0.0002026664998346725
418,120.1442,-0.00798938,-0.0007756679611650486,-0.9598776685960001,0.0007445463541677196
419,161.4556,-0.005835423,-0.0005665459223300971,-0.9421617217188001,0.0005337778816152898
420,148.2445,-0.006367957,-0.0006182482524271844,-0.9440146014864998,0.0005836353776347734
421,245.3299,-0.003848964,-0.0003736858252427184,-0.9442659532236,0.0003528588019789631
422,285.2528,-0.003304899,-0.00032086398058252426,-0.9427316934672,0.00030248864378718985
423,-1377.138,0.0006753021,6.556331067961164e-05,-0.9299841833897998,-6.097284194271038e-05
424,1398.5,-0.0006686264,-6.491518446601942e-05,-0.9350740204,6.0700502523648404e-05
425,704.4188,-0.001365017,-0.00013252592233009707,-0.9615436371196001,0.00012742945736991118
426,228.5377,-0.004182746,-0.0004060918446601942,-0.9559151505242001,0.0003881893468149996
427,104.1005,-0.009106185,-0.000884095631067961,-0.9479584115924999,0.0008380858901230532
428,122.0471,-0.007648771,-0.0007425991262135922,-0.9335103191141001,0.0006932239472855024
429,155.3838,-0.005943295,-0.000577018932038835,-0.9234917616210001,0.0005328722300372118
430,211.819,-0.004358588,-0.0004231638834951456,-0.923231751572,0.000390678333361233
431,185.944,-0.004977299,-0.0004832329126213592,-0.925498885256,0.00044723152195007797
432,123.394,-0.007517837,-0.0007298870873786408,-0.9276559787780001,0.0006770841204396567
433,161.9411,-0.005725427,-0.0005558666990291262,-0.9271819463497,0.0005153895679168081
434,181.7444,-0.00510095,-0.0004952378640776698,-0.9270690971800001,0.00045911971953983697
435,174.9766,-0.005266021,-0.0005112641747572816,-0.9214304501085999,0.0004710943786710038
436,245.7257,-0.003789793,-0.000367941067961165,-0.9312495377801,0.00034264494946915127
437,253.9929,-0.003670239,-0.0003563338834951456,-0.9322146473031,0.0003321796655245711
438,140.0747,-0.00668854,-0.0006493728155339805,-0.936895233938,0.0006083942959226864
439,126.5337,-0.007436667,-0.0007220065048543689,-0.9409889911779,0.0006794001726267942
440,524.0199,-0.001803638,-0.00017511048543689318,-0.9451422043962,0.0001655043102187139
441,208.81,-0.004543231,-0.00044109038834951454,-0.94867206511,0.00041845012961570587
442,224.6271,-0.004240703,-0.00041171873786407766,-0.9525768168513001,0.00039219372475259793
443,178.8362,-0.005330957,-0.000517568640776699,-0.9533680922433999,0.000493433427662291
444,224.5696,-0.004245103,-0.00041214592233009705,-0.9533210826688,0.00039290739689325926
445,105.815,-0.009014547,-0.0008751987378640776,-0.953874290805,0.000834829575393528
446,623.1118,-0.001513247,-0.0001469171844660194,-0.9429220620145999,0.00013853145452207837
447,102.9148,-0.009208899,-0.0008940678640776698,-0.9477319988052,0.0008473367238898259
448,344.3708,-0.00272958,-0.00026500776699029126,-0.9399876482639999,0.000249104027664898
449,194.5045,-0.004912363,-0.00047692844660194173,-0.9554767091335001,0.00045569402265137554
450,88.88802,-0.01079148,-0.001047716504854369,-0.9592332900696,0.0010050045500116784
451,-1026.424,0.0009289765,9.019189320388349e-05,-0.953523775036,-8.600011448541074e-05
452,270.2791,-0.003571469,-0.00034674456310679607,-0.9652934269979001,0.0003347102476142488
453,-60.78809,0.01596283,0.0015497893203883495,-0.9703499466947,-0.0015038379844268502
454,179.523,-0.005804472,-0.0005635409708737864,-1.042036226856,0.0005872301069680873
455,177.8844,-0.005866829,-0.0005695950485436892,-1.0436173565676,0.0005944392788751587
456,175.3905,-0.005955736,-0.0005782267961165048,-1.044579514908,0.0006040038661941856
457,178.6612,-0.005850292,-0.0005679895145631067,-1.0452201890704,0.0005936741078016552
458,174.1995,-0.005964384,-0.0005790664077669902,-1.038992710608,0.0006016457766278625
459,177.5382,-0.005855754,-0.0005685198058252428,-1.0396200248028,0.000591044574632922
460,181.174,-0.005739385,-0.0005572218446601941,-1.03982733799,0.000579414507402887
461,183.2295,-0.005687194,-0.0005521547572815533,-1.0420617130229999,0.0005753793322266142
462,186.6895,-0.005571887,-0.0005409599029126213,-1.0402127980865001,0.0005627134142613393
463,181.391,-0.005732102,-0.0005565147572815534,-1.039751713882,0.0005786371726841204
464,182.3549,-0.005703124,-0.0005537013592233009,-1.0399926067076,0.0005758453199161819
465,187.4905,-0.005566273,-0.000540414854368932,-1.0436233079065,0.0005639895379583143
466,189.2703,-0.005487379,-0.0005327552427184466,-1.0385978695437,0.0005533184600756153
467,205.8491,-0.005062717,-0.0004915259223300971,-1.0421557380047,0.0005122465603343632
468,181.0961,-0.005830113,-0.0005660303883495145,-1.0558107268593,0.0005976209557477527
469,196.1974,-0.00531002,-0.0005155359223300971,-1.041812117948,0.0005370915711209941
470,185.9171,-0.005591459,-0.0005428600970873787,-1.0395478420489,0.0005643290424616408
471,189.7343,-0.005466442,-0.0005307225242718447,-1.0371715463606,0.0005504503011874301
472,187.9053,-0.005503917,-0.0005343608737864077,-1.0342151750601,0.0005526441246282777
473,188.3351,-0.005475394,-0.0005315916504854369,-1.0312088765294,0.0005481820286694969
474,184.3588,-0.005600258,-0.0005437143689320388,-1.0324568445704,0.0005613616216951592
475,180.7866,-0.005717993,-0.0005551449514563107,-1.0337365132938,0.0005738736064911024
476,180.444,-0.005731647,-0.0005564705825242719,-1.034241311268,0.0005755248649519707
477,173.3581,-0.005971364,-0.0005797440776699028,-1.0351843174484001,0.0006001419773374706
478,129.533,-0.007985739,-0.0007753144660194174,-1.034416729887,0.0008019982545738913
479,175.9665,-0.005867588,-0.0005696687378640776,-1.032498923802,0.0005881823587683037
480,177.3385,-0.005808417,-0.0005639239805825242,-1.0300559581545,0.0005808732561452315
481,174.066,-0.005915531,-0.0005743233980582523,-1.029692819046,0.0005913766787906798
482,181.2632,-0.005695386,-0.0005529500970873786,-1.0323638915952,0.0005708457140870698
483,184.1951,-0.005660946,-0.0005496064077669902,-1.0427185145646,0.0005730847771019819
484,183.7069,-0.005683552,-0.0005518011650485436,-1.0441077189088,0.000576139855730053
485,193.4797,-0.005426692,-0.0005268633009708738,-1.0499547401524,0.0005531826202667096
486,187.8942,-0.005631816,-0.0005467782524271844,-1.0581855618672003,0.000578592852261426
487,185.8259,-0.005629995,-0.0005466014563106795,-1.0461988878705,0.0005718538357006286
488,188.5648,-0.005546095,-0.0005384558252427184,-1.045798294456,0.0005631161836787329
489,185.1576,-0.005653815,-0.0005489140776699029,-1.0468468162440001,0.0005746289546002496
490,191.9997,-0.005448994,-0.0005290285436893204,-1.0462052133018,0.0005534724203932261
491,190.7918,-0.005488593,-0.0005328731067961164,-1.0471785379374,0.0005580132808809172
492,187.6181,-0.005581597,-0.0005419026213592232,-1.0472086241057,0.0005674850985128643
493,188.4927,-0.005563694,-0.0005401644660194175,-1.0487157040338,0.0005664789582755951
494,186.4668,-0.005629085,-0.0005465131067961164,-1.049637466878,0.0005736406330331016
495,195.3443,-0.005373893,-0.0005217371844660194,-1.0497593663599,0.0005476984961714468
496,192.6878,-0.005456125,-0.0005297208737864077,-1.0513287227750001,0.0005569107696651211
497,199.41,-0.005276034,-0.0005122363106796116,-1.05209393994,0.0005389207182832425
498,193.0032,-0.005465532,-0.0005306341747572816,-1.0548651657024,0.0005597475066826961
499,194.3499,-0.005432153,-0.000527393495145631,-1.0557383923347,0.0005567895606928268
500,189.6596,-0.005575073,-0.0005412692233009709,-1.0573661151508,0.0005723197358924384
501,184.7567,-0.00572573,-0.0005558961165048543,-1.057866979891,0.0005880641459001258
502,189.4653,-0.005588879,-0.0005426096116504854,-1.0588986363987,0.0005745685778735272
503,207.5812,-0.005101557,-0.0004952967961165047,-1.0589873239284,0.0005245130286697277
504,183.0117,-0.005788238,-0.000561964854368932,-1.0593152763845999,0.0005952979550242567
505,195.1148,-0.005439436,-0.0005281005825242718,-1.0613144672527999,0.0005604807883976407
506,192.1449,-0.005535019,-0.0005373804854368932,-1.0635256722531001,0.0005715179420299691
507,204.5337,-0.005208671,-0.0005056962135922329,-1.0653487517127,0.0005387428298963242
508,205.713,-0.005184548,-0.0005033541747572815,-1.066528922724,0.0005368417857525115
509,180.1379,-0.005924027,-0.0005751482524271845,-1.0671417833233001,0.0006137647317704252
510,198.3549,-0.005379204,-0.0005222528155339806,-1.0669914714996,0.0005572393001414111
511,201.638,-0.005302586,-0.0005148141747572815,-1.069202835868,0.0005504407755955294
512,196.8387,-0.005447326,-0.0005288666019417475,-1.0722445683161999,0.0005670743412958846
513,267.0296,-0.004031482,-0.0003914060194174757,-1.0765250258672001,0.00042135837517797586
514,200.7917,-0.005361149,-0.0005204999029126213,-1.0764742216632999,0.0005603047278636871
515,197.7714,-0.005461587,-0.0005302511650485437,-1.0801457072118001,0.0005727485196712402
516,196.4933,-0.00550862,-0.0005348174757281553,-1.082406922246,0.0005788901378662874
517,190.5612,-0.005699331,-0.0005533331067961165,-1.0860713545572,0.0006009592368194021
518,196.7601,-0.005530316,-0.0005369238834951457,-1.0881455291916,0.0005842513233414343
519,195.6656,-0.005567487,-0.0005405327184466019,-1.0893656843472002,0.000588837794742635
520,204.4653,-0.005390128,-0.0005233133980582525,-1.1020941385584,0.0005767406286290788
521,176.2025,-0.006219425,-0.0006038276699029126,-1.0958782335625,0.0006617216002693642
522,195.767,-0.005582963,-0.0005420352427184465,-1.0929599176209999,0.000592422794229232
523,197.3127,-0.00551393,-0.0005353330097087379,-1.0879684159110001,0.0005824254065576836
524,231.3825,-0.004683116,-0.0004546714563106796,-1.08359108787,0.0004926779379671265
525,211.1421,-0.005142067,-0.0004992298058252427,-1.0857068247207,0.0005420172072884559
526,162.0863,-0.006729505,-0.00065335,-1.0907605662815,0.0007126484159800181
527,208.231,-0.005224298,-0.0005072133980582523,-1.0878607968379999,0.00055177757137856
528,192.8133,-0.005640919,-0.0005476620388349514,-1.0876442074227,0.0005956614441641406
529,200.7822,-0.005426844,-0.0005268780582524271,-1.0896136773768,0.000574093538581575
530,194.608,-0.005606479,-0.000544318349514563,-1.091065665232,0.0005938870621110911
531,188.0481,-0.005810845,-0.000564159708737864,-1.0927183616445,0.000616467672637877
532,312.8906,-0.003526561,-0.0003423845631067961,-1.1034277872266,0.0003777966408494782
533,199.2237,-0.005467049,-0.0005307814563106796,-1.0891657298613,0.000578108972259465
534,191.5498,-0.005659884,-0.0005495033009708737,-1.0841496482232,0.0005957438104450599
535,191.8628,-0.005605872,-0.0005442594174757281,-1.0755582983615999,0.0005853827329274698
536,187.7372,-0.005702214,-0.0005536130097087378,-1.0705176901608,0.0005926525203963666
537,187.3119,-0.005705703,-0.0005539517475728155,-1.0687460697657,0.0005920337530582878
538,188.8646,-0.005655939,-0.0005491202912621359,-1.0682066568594,0.0005865739505427861
539,192.9227,-0.005520302,-0.0005359516504854369,-1.0649915666554,0.0005707839879020328
540,197.0957,-0.005410913,-0.0005253313592233009,-1.0664676853741,0.0005602489187253036
541,199.74,-0.005336874,-0.0005181431067961165,-1.06598721276,0.0005523339262243993
542,190.4004,-0.005619982,-0.0005456293203883495,-1.0700468207928,0.0005838489196128894
543,194.497,-0.005501186,-0.0005340957281553398,-1.069964173442,0.0005714632943146313
544,195.148,-0.005489807,-0.0005329909708737864,-1.071324856436,0.0005710064753530435
545,189.9841,-0.005641678,-0.0005477357281553398,-1.0718291173198,0.0005870791020332558
546,195.8238,-0.005476607,-0.000531709417475728,-1.0724499938466,0.0005702317615000238
547,196.1152,-0.005472511,-0.0005313117475728155,-1.0732425892672,0.0005702263956731295
548,194.0299,-0.005535778,-0.0005374541747572815,-1.0741064517621999,0.000577282996633325
549,193.6575,-0.005544274,-0.0005382790291262136,-1.073690242155,0.0005779449411294827
550,193.7431,-0.00553866,-0.0005377339805825242,-1.073077158246,0.0005770300517758047
551,188.817,-0.005688711,-0.0005523020388349514,-1.074125344887,0.0005932416179453855
552,191.6868,-0.00560132,-0.0005438174757281553,-1.073699106576,0.0005838963378297358
553,193.5719,-0.00555186,-0.0005390155339805824,-1.074684088734,0.0005792714179493926
554,192.2771,-0.005592521,-0.0005429632038834951,-1.0753137195690998,0.0005838557823571166
555,194.1459,-0.005515599,-0.0005354950485436893,-1.0708309318941,0.0005734246618567152
556,193.4972,-0.005546246,-0.0005384704854368933,-1.0731830715112,0.000577877409479292
557,190.7982,-0.005609513,-0.0005446129126213592,-1.0702849832766002,0.000582891022077172
558,188.7479,-0.00567809,-0.0005512708737864078,-1.071727563511,0.0005908121903976868
559,195.2534,-0.005486924,-0.000532711067961165,-1.0713405665416,0.0005707149773524953
560,187.5834,-0.005710255,-0.0005543936893203883,-1.071149047767,0.000593838272403568
561,186.058,-0.005752736,-0.0005585180582524271,-1.0703425546879999,0.000597805645309284
562,190.9504,-0.005599045,-0.0005435966019417476,-1.069139882368,0.0005811808070556446
563,188.7155,-0.005653512,-0.0005488846601941747,-1.066905343836,0.0005856079771107721
564,181.3574,-0.00586865,-0.0005697718446601942,-1.0643231055100002,0.0006064213391408993
565,191.8142,-0.005540633,-0.0005379255339805825,-1.0627720863885999,0.0005716922420702453
566,194.4,-0.005459008,-0.0005300007766990291,-1.0612311552,0.0005624533365132079
567,190.5766,-0.005572039,-0.0005409746601941747,-1.0619002476874,0.0005744611256528012
568,186.8401,-0.005687649,-0.000552198932038835,-1.0626809079249,0.0005868112624541893
569,181.4307,-0.005859243,-0.0005688585436893203,-1.0630465589601,0.0006047231174039857
570,189.7057,-0.0056083,-0.000544495145631068,-1.0639264773100001,0.0005793028022036576
571,190.4517,-0.005587059,-0.0005424329126213592,-1.0640648845503,0.0005771838145447295
572,192.2519,-0.005525006,-0.0005364083495145631,-1.0621929010114,0.0005697691408976107
573,196.4716,-0.005422292,-0.0005264361165048544,-1.0653263849072,0.0005608262848807022
574,190.96,-0.005585542,-0.0005422856310679611,-1.06661510032,0.0005784100427836478
575,196.2442,-0.005432912,-0.0005274671844660194,-1.0661774691104,0.000562373627772769
576,195.269,-0.005463105,-0.0005303985436893204,-1.066775050245,0.0005658159330940496
577,193.0163,-0.005535475,-0.0005374247572815533,-1.0684369032425,0.000574204443395755
578,187.7288,-0.005704945,-0.0005538781553398058,-1.070982478916,0.0005931937998232466
579,194.1685,-0.005528647,-0.0005367618446601942,-1.0734890950195,0.0005762079868652693
580,200.5439,-0.005403782,-0.0005246390291262136,-1.0836955170298002,0.0005685489639229445
581,196.5445,-0.005444746,-0.0005286161165048544,-1.070134880197,0.0005656905445061257
582,195.0968,-0.005487835,-0.0005327995145631068,-1.070659047428,0.0005704466207322367
583,298.0751,-0.003593772,-0.0003489099029126213,-1.0712139482772,0.00037375715469204363
584,190.007,-0.00562954,-0.000546557281553398,-1.06965200678,0.0005846260930338136
585,191.056,-0.005609817,-0.000544642427184466,-1.071789196752,0.0005837418695490984
586,187.9777,-0.005713441,-0.0005547030097087378,-1.0739994982657,0.0005957507541136581
587,198.9512,-0.005400444,-0.0005243149514563107,-1.0744248143328,0.0005633369943703575
588,199.0223,-0.005411368,-0.0005253755339805824,-1.0769829055064,0.000565820469068384
589,211.4245,-0.005111875,-0.0004962985436893204,-1.0807756159375,0.0005363873642447095
590,187.7207,-0.00573362,-0.00055666213592233,-1.076319159934,0.0005991461225029884
591,189.8336,-0.005677787,-0.0005512414563106796,-1.0778347462431999,0.0005941471951813533
592,196.8088,-0.005471146,-0.0005311792233009708,-1.0767696788847998,0.0005719576817040637
593,186.7208,-0.005768363,-0.0005600352427184466,-1.0770733540504,0.0006031990372611872
594,187.6824,-0.005766239,-0.0005598290291262136,-1.0822215744936001,0.0006058590533481944
595,186.8437,-0.00577777,-0.0005609485436893204,-1.079539924549,0.0006055663485302403
596,192.6635,-0.005577349,-0.0005414901941747572,-1.0745515790615,0.0005818591431968035
597,188.6775,-0.005668532,-0.0005503429126213592,-1.0695244464300002,0.0005886051989680332
598,195.2272,-0.005492235,-0.0005332266990291262,-1.072233660792,0.000571743615532034
599,191.6795,-0.005595555,-0.0005432577669902913,-1.0725531846225,0.000582672848056345
600,199.0638,-0.005381631,-0.0005224884466019417,-1.0712879170577998,0.0005597355596469596
601,195.8404,-0.005464166,-0.0005305015533980582,-1.0701044551064,0.0005676920757321279
602,189.9504,-0.005642133,-0.0005477799029126213,-1.0717254202032,0.0005870696466278971
603,187.9019,-0.005727096,-0.0005560287378640776,-1.0761322198824002,0.000598360439996079
604,193.2084,-0.005568701,-0.0005406505825242718,-1.0759198102884,0.0005816966721818275
605,10.18842,-0.1052701,-0.010220398058252428,-1.0725359922420001,0.010961744772515979
606,10.42597,-0.06205648,-0.006024900970873786,-0.6469989987856,0.0038981048959377284
607,8.964835,-0.03339188,-0.003241930097087378,-0.2993526945398,0.0009704805100727821
608,4.895804,-0.3025199,-0.029370864077669902,-1.4810781364996,0.04350054463553838
609,14.57249,-1.046862e-05,-1.0163708737864077e-06,-0.0001525538602638,1.5505130025580793e-10
610,15.12287,-4.096418e-06,-3.9771048543689323e-07,-6.194959687966001e-05,2.4638004247629428e-11
611,1.806485,-5.461891e-06,-5.302806796116505e-07,-9.866824163134999e-06,5.232186222835882e-12
612,3.120018,-8.951432e-06,-8.69071067961165e-07,-2.7928628965775998e-05,2.4271963401978073e-11
613,4.082465,-1.18341e-05,-1.1489417475728156e-06,-4.8312299056500003e-05,5.550801730723561e-11
614,11.55465,-4.855014e-06,-4.7136058252427184e-07,-5.60979875151e-05,2.6442380073556867e-11
615,7.878675,-7.43424e-06,-7.217708737864078e-07,-5.8571960832e-05,4.227553534909589e-11
616,14.654,-4.096418e-06,-3.9771048543689323e-07,-6.0028909372000006e-05,2.387412668658539e-11
617,6.438175,-9.406589e-06,-9.13261067961165e-07,-6.056126613507501e-05,5.530824658759894e-11
618,15.89158,-3.79298e-06,-3.682504854368932e-07,-6.02764451084e-05,2.2196830171578543e-11
619,10.13424,-5.917048e-06,-5.744706796116504e-07,-5.996478452352e-05,3.444801051799271e-11
620,6.750401,-8.799714e-06,-8.543411650485436e-07,-5.9401598185314e-05,5.074923059938662e-11
621,11.07686,-5.310172e-06,-5.155506796116504e-07,-5.882003181991999e-05,3.0324707379538655e-11
622,16.18365,-3.641261e-06,-3.535204854368932e-07,-5.892889358265e-05,2.083257106559745e-11
623,12.38152,-4.703295e-06,-4.566305825242718e-07,-5.82339411084e-05,2.659139845101283e-11
624,7.679297,-7.58596e-06,-7.365009708737864e-07,-5.825483987012e-05,4.2904746122440336e-11
625,7.510221,-7.737679e-06,-7.512309708737863e-07,-5.811167931705899e-05,4.3655293272460354e-11
626,76.53741,-7.58596e-07,-7.365009708737864e-08,-5.806097307636e-05,4.276196304061591e-12
627,13.67371,-4.248138e-06,-4.124405825242718e-07,-5.8087807051979995e-05,2.3957768978076132e-11
628,42.31875,-1.365473e-06,-1.3257019417475726e-07,-5.778511051875e-05,7.660583321880496e-12
629,6.45257,-8.951433e-06,-8.690711650485436e-07,-5.7759748032810004e-05,5.019733151578452e-11
630,13.13137,-4.399857e-06,-4.271705825242718e-07,-5.777615021409e-05,2.4680271742962657e-11
631,9.817781,-5.917049e-06,-5.744707766990291e-07,-5.8092291248269004e-05,3.337232367361931e-11
632,19.11027,-3.034384e-06,-2.946003883495146e-07,-5.798789752368e-05,1.7083257130047982e-11
633,9.521718,-6.068768e-06,-5.892007766990292e-07,-5.7785097503424e-05,3.404702433064655e-11
634,9.950179,-5.76533e-06,-5.597407766990291e-07,-5.7366065494070005e-05,3.2110126055818117e-11
635,8.376381,-6.827364e-06,-6.628508737864078e-07,-5.7188602089684e-05,3.7907514865770224e-11
636,9.306957,-6.068768e-06,-5.892007766990292e-07,-5.6481762818976005e-05,3.327909852227101e-11
637,10.04882,-5.613611e-06,-5.450107766990291e-07,-5.6410166489019996e-05,3.074414865190233e-11
638,8.372186,-6.675645e-06,-6.481208737864077e-07,-5.5889741609969994e-05,3.62233081679503e-11
639,14.11048,-3.944699e-06,-3.829804854368932e-07,-5.5661596345520004e-05,2.1317305188599654e-11
640,19.18078,-2.882665e-06,-2.7987038834951455e-07,-5.5291763178699995e-05,1.5474527233352157e-11
641,7.866514,-6.979083e-06,-6.775808737864077e-07,-5.4901054126661996e-05,3.71999042269385e-11
642,6.115056,-8.951433e-06,-8.690711650485436e-07,-5.4738514075248004e-05,4.757166420040189e-11
643,12.79192,-4.248138e-06,-4.124405825242718e-07,-5.4341841444959994e-05,2.2412780741000916e-11
644,6.821235,-7.889399e-06,-7.65961067961165e-07,-5.3815444587765e-05,4.122053540924937e-11
645,14.7818,-3.641261e-06,-3.535204854368932e-07,-5.38243918498e-05,1.9028025135086855e-11
646,-32.36021,1.668911e-06,1.6203019417475726e-07,-5.400631043131e-05,-8.750652965847378e-12
647,6.318032,-8.496276e-06,-8.248811650485436e-07,-5.367974364883199e-05,4.427940948055569e-11
648,20.72029,-2.579226e-06,-2.504102912621359e-07,-5.3442310695539996e-05,1.3382504586991732e-11
649,13.00097,-4.096419e-06,-3.977105825242718e-07,-5.325742052643e-05,2.1181039741306586e-11
650,6.436962,-8.192837e-06,-7.95421067961165e-07,-5.2736980441194e-05,4.1948105303581604e-11
651,13.39402,-3.944699e-06,-3.829804854368932e-07,-5.283537729998e-05,2.023491844658775e-11
652,4.622818,-1.137894e-05,-1.1047514563106795e-06,-5.2602768652919995e-05,5.811298527528713e-11
653,11.16299,-4.703295e-06,-4.566305825242718e-07,-5.250283505205e-05,2.3974400153993348e-11
654,8.850215,-5.917049e-06,-5.744707766990291e-07,-5.2367155815535e-05,3.0083400674869474e-11
655,12.20177,-4.248138e-06,-4.124405825242718e-07,-5.183480280426e-05,2.137877626361975e-11
656,17.11491,-3.034384e-06,-2.946003883495146e-07,-5.1933209065439994e-05,1.5299543558915154e-11
657,10.02654,-5.158453e-06,-5.008206796116504e-07,-5.172143534262e-05,2.5903164398780985e-11
658,9.961499,-5.158453e-06,-5.008206796116504e-07,-5.1385924401047e-05,2.5735133581005246e-11
659,9.973351,-5.158453e-06,-5.008206796116504e-07,-5.144706238600299e-05,2.5765752748180995e-11
660,37.6782,-1.365473e-06,-1.3257019417475726e-07,-5.1448564788599995e-05,6.8205462240372804e-12
661,11.2209,-4.551576e-06,-4.419005825242718e-07,-5.10727791384e-05,2.2569090852392435e-11
662,18.62013,-2.730946e-06,-2.651403883495145e-07,-5.085056954298e-05,1.3482539756419712e-11
663,11.14063,-4.551576e-06,-4.419005825242718e-07,-5.0707424132879995e-05,2.2407640262624986e-11
664,15.84591,-3.186103e-06,-3.0933038834951455e-07,-5.0486701388730004e-05,1.561707094706183e-11
665,8.094863,-6.220487e-06,-6.039307766990291e-07,-5.0353990058281e-05,3.0410324325792834e-11
666,6.46697,-7.737679e-06,-7.512309708737863e-07,-5.0039337962629995e-05,3.759110043954804e-11
667,25.3364,-1.97235e-06,-1.914902912621359e-07,-4.997224854e-05,9.569200427948445e-12
668,25.07782,-1.97235e-06,-1.914902912621359e-07,-4.9462238276999994e-05,9.471538414139895e-12
669,12.08798,-4.096419e-06,-3.977105825242718e-07,-4.9517430943619996e-05,1.969360630569251e-11
670,16.3114,-3.034384e-06,-2.946003883495146e-07,-4.94950511776e-05,1.4581261298300057e-11
671,7.53938,-6.523926e-06,-6.333908737864077e-07,-4.918635720588e-05,3.1154189769002704e-11
672,11.53937,-4.248138e-06,-4.124405825242718e-07,-4.902083619306e-05,2.0218182235292572e-11
673,13.94921,-3.489542e-06,-3.387904854368932e-07,-4.867635416182e-05,1.6491085655781134e-11
674,12.81047,-3.79298e-06,-3.682504854368932e-07,-4.85898565006e-05,1.789323824365493e-11
675,13.30912,-3.641261e-06,-3.535204854368932e-07,-4.8461979600320006e-05,1.7132302553537945e-11
676,5.223484,-9.254872e-06,-8.985312621359223e-07,-4.8342675814048e-05,4.3437405514224274e-11
677,52.98912,-9.103153e-07,-8.838012621359223e-08,-4.8236806669536e-05,4.263175061594239e-12
678,6.318395,-7.585961e-06,-7.365010679611649e-07,-4.7931098052595e-05,3.530130490428753e-11
679,7.52658,-6.372207e-06,-6.186608737864077e-07,-4.7960925762059996e-05,2.967154823956107e-11
680,7.139116,-6.675645e-06,-6.481208737864077e-07,-4.765820402981999e-05,3.088827683889783e-11
681,34.82371,-1.365473e-06,-1.3257019417475726e-07,-4.755083576483e-05,6.303823530515505e-12
682,7.461756,-6.372207e-06,-6.186608737864077e-07,-4.7547853815492e-05,2.941599678816066e-11
683,26.10795,-1.820631e-06,-1.7676029126213592e-07,-4.753294311645e-05,8.40193686981024e-12
684,12.91678,-3.641261e-06,-3.535204854368932e-07,-4.703336725958e-05,1.6627258825338403e-11
685,31.04647,-1.517192e-06,-1.473001941747573e-07,-4.710345591224e-05,6.938348202175071e-12
686,6.45532,-7.282522e-06,-7.070409708737864e-07,-4.701100991704e-05,3.3238710093501167e-11
687,12.82955,-3.641261e-06,-3.535204854368932e-07,-4.671574006255e-05,1.6514971104456397e-11
688,4.000225,-1.168238e-05,-1.134211650485437e-06,-4.673214853550001e-05,5.3004147321180054e-11
689,10.20696,-4.551576e-06,-4.419005825242718e-07,-4.645775416896e-05,2.052970863003284e-11
690,6.370341,-7.282522e-06,-7.070409708737864e-07,-4.6392148480002e-05,3.280114970222147e-11
691,9.554897,-4.855015e-06,-4.7136067961165047e-07,-4.6389168258455006e-05,2.1866029876924556e-11
692,12.70055,-3.641261e-06,-3.535204854368932e-07,-4.6246017393550004e-05,1.6348914518490803e-11
693,5.700192,-8.041118e-06,-7.806910679611649e-07,-4.5835916494655996e-05,3.578369059919176e-11
694,21.53015,-2.124069e-06,-2.062202912621359e-07,-4.573152418035e-05,9.430768236333187e-12
695,9.706174,-4.703296e-06,-4.566306796116505e-07,-4.565100934950401e-05,2.0845651424221824e-11
696,8.088368,-5.613611e-06,-5.450107766990291e-07,-4.540495157684799e-05,2.474618792487973e-11
697,5.980282,-7.585961e-06,-7.365010679611649e-07,-4.5366186021002e-05,3.341224445379284e-11
698,21.33919,-2.124069e-06,-2.062202912621359e-07,-4.532591196410999e-05,9.347122766960692e-12
699,10.27151,-4.399857e-06,-4.271705825242718e-07,-4.519317517407e-05,1.930519496522894e-11
700,29.70385,-1.517192e-06,-1.473001941747573e-07,-4.50664435892e-05,6.638295891454905e-12
701,19.72131,-2.275788e-06,-2.209502912621359e-07,-4.488152064228e-05,9.91658505819933e-12
702,5.064413,-8.799714e-06,-8.543411650485436e-07,-4.4565385977882e-05,3.807404377718174e-11
703,9.139073,-4.855015e-06,-4.7136067961165047e-07,-4.4370336501095004e-05,2.091443196775376e-11
704,11.27417,-3.9447e-06,-3.829805825242718e-07,-4.4473218398999995e-05,1.703237908917818e-11
705,16.22048,-2.730946e-06,-2.651403883495145e-07,-4.4297254974079996e-05,1.1744991386645034e-11
706,11.19403,-3.9447e-06,-3.829805825242718e-07,-4.4157090140999995e-05,1.6911308104776957e-11
707,19.32304,-2.275788e-06,-2.209502912621359e-07,-4.397514255552e-05,9.71632055593609e-12
708,17.06651,-2.579227e-06,-2.5041038834951455e-07,-4.401840338777e-05,1.1022665486857073e-11
709,14.48049,-3.034384e-06,-2.946003883495146e-07,-4.393936716816e-05,1.2944554631571846e-11
710,8.97536,-4.855015e-06,-4.7136067961165047e-07,-4.35755074304e-05,2.053978079681587e-11
711,-286.3073,1.517192e-07,1.4730019417475727e-08,-4.343831451016e-05,-6.398472161970744e-13
712,17.80574,-2.427507e-06,-2.3568029126213592e-07,-4.322355849018e-05,1.0186940854351591e-11
713,8.118145,-5.310172e-06,-5.155506796116504e-07,-4.310874627094e-05,2.2224743437189317e-11
714,13.56254,-3.186103e-06,-3.0933038834951455e-07,-4.321164938162e-05,1.3366676284439575e-11
715,6.236137,-6.827365e-06,-6.628509708737863e-07,-4.2576383489005003e-05,2.8221797131981614e-11
716,16.48661,-2.579227e-06,-2.5041038834951455e-07,-4.252270965047e-05,1.0648128237247842e-11
717,5.411779,-7.889399e-06,-7.65961067961165e-07,-4.2695683830821e-05,3.2703231584387895e-11
718,6.649281,-6.372207e-06,-6.186608737864077e-07,-4.2370594933167e-05,2.621302928420303e-11
719,16.38138,-2.579227e-06,-2.5041038834951455e-07,-4.225129759326e-05,1.0580163838599146e-11
720,5.89423,-7.130803e-06,-6.923109708737864e-07,-4.203059296669001e-05,2.9098240623170095e-11
721,9.54865,-4.399857e-06,-4.271705825242718e-07,-4.201269454305e-05,1.7946587201368966e-11
722,7.478764,-5.613611e-06,-5.450107766990291e-07,-4.1982871856804e-05,2.2881117598732557e-11
723,18.38668,-2.275788e-06,-2.209502912621359e-07,-4.1844185703839995e-05,9.24548501889035e-12
724,7.760935,-5.310172e-06,-5.155506796116504e-07,-4.1211899730819995e-05,2.1246822914311442e-11
725,6.64173,-6.220488e-06,-6.039308737864076e-07,-4.131480176424e-05,2.495128432978968e-11
726,4.261616,-9.71003e-06,-9.427213592233009e-07,-4.138041920848e-05,3.901020504144826e-11
727,8.244996,-5.006734e-06,-4.860906796116505e-07,-4.1280501803064004e-05,2.0066067176161346e-11
728,15.98129,-2.579227e-06,-2.5041038834951455e-07,-4.1219374662829996e-05,1.03217596168434e-11
729,7.707859,-5.310172e-06,-5.155506796116504e-07,-4.0930057041747996e-05,2.11015187244168e-11
730,-19.28565,2.124069e-06,2.062202912621359e-07,-4.096405130985e-05,-8.447618592394346e-12
731,5.56437,-7.282523e-06,-7.07041067961165e-07,-4.052265250551e-05,2.865117950411497e-11
732,5.812923,-6.979084e-06,-6.775809708737864e-07,-4.0568877902532e-05,2.7488699676457728e-11
733,12.04439,-3.337823e-06,-3.240604854368932e-07,-4.020204196297e-05,1.3027893234074408e-11
734,20.32157,-1.97235e-06,-1.914902912621359e-07,-4.0081248589499996e-05,7.675169966553427e-12
735,18.80193,-2.124069e-06,-2.062202912621359e-07,-3.993659665317e-05,8.235736593835158e-12
736,32.80509,-1.213754e-06,-1.1784019417475726e-07,-3.9817309207859995e-05,4.692079448570572e-12
737,52.22276,-7.585961e-07,-7.36501067961165e-08,-3.9615982067236e-05,2.917721310084967e-12
738,8.959186,-4.399857e-06,-4.271705825242718e-07,-3.9419137236402e-05,1.6838695815878058e-11
739,-16.2287,2.427508e-06,2.3568038834951452e-07,-3.93952990796e-05,-9.2846993862254e-12
740,23.51602,-1.668911e-06,-1.6203019417475726e-07,-3.924614445422e-05,6.3590604065278396e-12
741,25.83027,-1.517192e-06,-1.473001941747573e-07,-3.918947900184e-05,5.772617866578605e-12
742,7.53672,-5.158454e-06,-5.008207766990291e-07,-3.887782343088e-05,1.9470821727021035e-11
743,8.853101,-4.399857e-06,-4.271705825242718e-07,-3.8952378406557e-05,1.663931017463482e-11
744,10.55866,-3.641261e-06,-3.535204854368932e-07,-3.844683687026e-05,1.3591744433887359e-11
745,19.54811,-1.97235e-06,-1.914902912621359e-07,-3.85557147585e-05,7.383045048924996e-12
746,16.87617,-2.275788e-06,-2.209502912621359e-07,-3.840658517196e-05,8.48594618012859e-12
747,20.94369,-1.820631e-06,-1.7676029126213592e-07,-3.813073126839e-05,6.73999916503885e-12
748,12.54754,-3.034384e-06,-2.946003883495146e-07,-3.807405461536e-05,1.1216631275725684e-11
749,-16.65273,2.275788e-06,2.209502912621359e-07,-3.7898083101239996e-05,-8.373592499495608e-12
750,5.383016,-6.979084e-06,-6.775809708737864e-07,-3.7568520837344e-05,2.545571482325962e-11
751,15.45528,-2.427508e-06,-2.3568038834951452e-07,-3.751781584224e-05,8.842213407724691e-12
752,-11.18928,3.337823e-06,3.240604854368932e-07,-3.734783613744e-05,-1.2102957908716348e-11
753,7.682798,-4.855015e-06,-4.7136067961165047e-07,-3.730009953197e-05,1.7581800264971584e-11
754,11.20402,-3.337823e-06,-3.240604854368932e-07,-3.739703564846e-05,1.2118901526140749e-11
755,7.153683,-5.158454e-06,-5.008207766990291e-07,-3.6901944686081997e-05,1.8481260599388194e-11
756,11.01638,-3.337823e-06,-3.240604854368932e-07,-3.677072654074e-05,1.1915939492659457e-11
757,26.98789,-1.365473e-06,-1.3257019417475726e-07,-3.685123512197e-05,4.885375395699198e-12
758,11.03014,-3.337823e-06,-3.240604854368932e-07,-3.681665498522e-05,1.1930823086673007e-11
759,6.525785,-5.613611e-06,-5.450107766990291e-07,-3.6633218459635e-05,1.996549884567088e-11
760,12.60206,-2.882665e-06,-2.7987038834951455e-07,-3.63275172899e-05,1.0166996371698017e-11
761,21.74575,-1.668911e-06,-1.6203019417475726e-07,-3.629172137825e-05,5.8803546618540365e-12
762,21.65729,-1.668911e-06,-1.6203019417475726e-07,-3.6144089511189996e-05,5.856433841767922e-12
763,4.231644,-8.496277e-06,-8.248812621359224e-07,-3.595321958938801e-05,2.965713715274435e-11
764,11.82305,-3.034385e-06,-2.9460048543689315e-07,-3.5875685574249996e-05,1.0568994385555394e-11
765,15.80993,-2.275788e-06,-2.209502912621359e-07,-3.5980048974839996e-05,7.949802300616811e-12
766,9.007327,-3.9447e-06,-3.829805825242718e-07,-3.5531202816899996e-05,1.3607760752604407e-11
767,12.34496,-2.882665e-06,-2.7987038834951455e-07,-3.55863841184e-05,9.959575143171604e-12
768,6.675431,-5.310173e-06,-5.155507766990291e-07,-3.5447693459562994e-05,1.8275085895266796e-11
769,10.62536,-3.337823e-06,-3.240604854368932e-07,-3.546557099128e-05,1.1492990151730794e-11
770,7.319681,-4.855015e-06,-4.7136067961165047e-07,-3.5537161050215e-05,1.6750820384098017e-11
771,10.1275,-3.489542e-06,-3.387904854368932e-07,-3.5340336605e-05,1.1972969793911156e-11
772,6.111694,-5.765331e-06,-5.597408737864078e-07,-3.5235938880714e-05,1.9722995217775314e-11
773,13.51111,-2.579227e-06,-2.5041038834951455e-07,-3.484821971197e-05,8.726356231363616e-12
774,6.978735,-5.006734e-06,-4.860906796116505e-07,-3.494066980149e-05,1.698433392989255e-11
775,-28.76025,1.213754e-06,1.1784019417475726e-07,-3.4907868478499995e-05,-4.113549999733328e-12
776,45.75889,-7.585961e-07,-7.36501067961165e-08,-3.4712515494329e-05,2.5565804733191798e-12
777,45.63308,-7.585961e-07,-7.36501067961165e-08,-3.4617076518987995e-05,2.549551382592803e-12
778,8.139286,-4.248138e-06,-4.124405825242718e-07,-3.4576810149468e-05,1.4260879719877735e-11
779,8.407978,-4.096419e-06,-3.977105825242718e-07,-3.4442600830782e-05,1.3698186840061277e-11
780,-56.45898,6.068769e-07,5.892008737864077e-08,-3.4263650759562e-05,-2.0188172966646245e-12
781,-113.7436,3.034385e-07,2.9460048543689315e-08,-3.45141873686e-05,-1.0167896353249447e-12
782,10.7232,-3.186104e-06,-3.093304854368932e-07,-3.41652304128e-05,1.056834730865473e-11
783,224.1749,-1.517192e-07,-1.4730019417475727e-08,-3.401163648808e-05,5.009920658895444e-13
784,-112.1562,3.034385e-07,2.9460048543689315e-08,-3.40325090937e-05,-1.00259936996395e-12
785,7.220368,-4.703296e-06,-4.566306796116505e-07,-3.3959527932928e-05,1.5506962319303744e-11
786,20.23215,-1.668912e-06,-1.6203029126213592e-07,-3.37656779208e-05,5.471062628170696e-12
787,7.926932,-4.248138e-06,-4.124405825242718e-07,-3.3674701052616e-05,1.388881331847165e-11
788,13.8752,-2.427508e-06,-2.3568038834951452e-07,-3.36821590016e-05,7.938224313947184e-12
789,22.18067,-1.517192e-06,-1.473001941747573e-07,-3.365233507864e-05,4.956995491517668e-12
790,22.12956,-1.517192e-06,-1.473001941747573e-07,-3.3574791395520006e-05,4.945573291937067e-12
791,12.12383,-2.730946e-06,-2.651403883495145e-07,-3.310952504318e-05,8.77867232801672e-12
792,9.48266,-3.489542e-06,-3.387904854368932e-07,-3.309014034172e-05,1.121062470954624e-11
793,72.80523,-4.551577e-07,-4.4190067961165044e-08,-3.3137861034770994e-05,1.4643643312141733e-12
794,13.55085,-2.427508e-06,-2.3568038834951452e-07,-3.28947967818e-05,7.752658480212984e-12
795,9.016289,-3.641261e-06,-3.535204854368932e-07,-3.2830661500429e-05,1.160631139084598e-11
796,-7.231706,4.551577e-06,4.4190067961165047e-07,-3.2915666700362004e-05,-1.4545455484760543e-11
797,5.819183,-5.613611e-06,-5.450107766990291e-07,-3.2666629699813e-05,1.7803665224834652e-11
798,6.558195,-5.006735e-06,-4.860907766990291e-07,-3.2835144443325004e-05,1.596086086548066e-11
799,4.152291,-7.8894e-06,-7.659611650485436e-07,-3.2759084615399996e-05,2.5092186617935602e-11
